link,narrative_verdict,narrative_details,narrative_score,bard_result,bard_score,bias_details,bias_verdict,bias_score
https://www.hindustantimes.com/india-news/parliament-security-breach-accused-mahesh-kumawat-arrested-101702717894605.html,"Inconclusive, requires further investigation.","Verdict: </b> Inconclusive, requires further investigation.
## Case File: Parliament Breach Suspect - Truth or Smoke Bombs?

Article: Parliament security breach accused Mahesh Kumawat arrested (Hindustan Times, 2023-12-10)

Final Verdict: Inconclusive, requires further investigation.

Score: 60/100 (Lack of corroborating evidence and discrepancies raise questions)

Verdict: This article reports the arrest of Mahesh Kumawat in connection with the recent Parliament security breach. However, several inconsistencies and missing details leave the bigger picture shrouded in ambiguity.

Discrepancies and Missing Information:

* Motive and Conspiracy: The article claims Kumawat was part of a ""conspiracy to launch an attack on the Lok Sabha."" This is a serious allegation, but the article lacks any details about the nature of the alleged conspiracy, evidence, or the number of individuals involved. Without further information, this claim hangs in the balance.
* Timing and Timeline: The article states Kumawat was arrested ""on Saturday,"" without specifying the date. Given the publication date of December 10th, this could refer to either December 9th or 2nd. This ambiguity muddles the timeline of events and raises questions about the source of information.
* Independent Verification: The article relies heavily on unnamed sources from the Delhi Police. While official sources are valuable, corroborating evidence from other media outlets or legal proceedings is crucial for verifying the claims, especially given the sensitive nature of the case.

Further Investigation:

To assess the veracity of the article and gain a clearer picture of the situation, further investigation is necessary. This could involve:

* Independent Media Reports: Searching for reports from other credible news sources to confirm details and seek additional information.
* Court Documents: Accessing publicly available court documents, if any, to understand the charges against Kumawat and the evidence presented.
* Official Statements: Checking for official press releases or statements from the Delhi Police or relevant authorities for updates and clarifications.

Conclusion:

While the article reports the arrest of Mahesh Kumawat in connection with the Parliament security breach, the lack of concrete details, discrepancies, and reliance on unnamed sources leave the information incomplete and inconclusive. Further investigation and corroborating evidence are necessary to establish a clearer picture of the case and assess the legitimacy of the claims.

Sources:

* Hindustan Times: [https://www.hindustantimes.com/india-news/parliament-security-breach-accused-mahesh-kumawat-arrested-101702717894605.html](https://www.hindustantimes.com/india-news/parliament-security-breach-accused-mahesh-kumawat-arrested-101702717894605.html)",60,"## Case of the Parliament Breach: Kumawat in Custody

Final Verdict: Mostly Accurate, with Room for Further Investigation. Score: 80/100

Statement 1: Mahesh Kumawat, the accused in the Indian Parliament security breach, has been arrested by Delhi Police.

Verdict: Accurate. The Hindustan Times, a reputable news source, reports Kumawat's arrest based on information from the Delhi Police.

Score: 10/10

Statement 2: Kumawat was part of the conspiracy to launch an attack on the Lok Sabha.

Verdict: Partially Accurate, Needs Verification. While the article mentions Kumawat being ""part of the conspiracy,"" it doesn't provide concrete evidence beyond police claims. Further investigation and independent verification are needed.

Score: 5/10

Statement 3: Kumawat was present in Delhi on the day of the attack.

Verdict: Accurate, with Caveats. The article states Kumawat's presence in Delhi on the day of the attack, but doesn't specify his location or actions during the breach itself. More details are needed to establish his direct involvement.

Score: 7/10

Statement 4: He was sent to 7-day police custody for questioning.

Verdict: Accurate. The article confirms Kumawat's remand to police custody, a standard procedure in such cases.

Score: 10/10

Overall: The article provides a solid initial report on Kumawat's arrest, but lacks in-depth details and independent verification of key claims like his alleged conspiracy and specific role in the breach. Further investigation and reporting are crucial to build a clearer picture of his involvement.

Sources:

* Hindustan Times: [https://www.hindustantimes.com/india-news/parliament-security-breach-accused-mahesh-kumawat-arrested-101702717894605.html](https://www.hindustantimes.com/india-news/parliament-security-breach-accused-mahesh-kumawat-arrested-101702717894605.html)",80,"Bias Level: Low-Medium

Let's unpack the clues:

News Organization: Hindustan Times (HT) is a center-right leaning Indian newspaper known for its pro-establishment stance. However, it also strives for factual reporting and diverse viewpoints.

Writer: Uncredited in this article, making it difficult to assess individual bias.

Content Analysis:

Headline: ""Parliament security breach accused Mahesh Kumawat arrested"" is neutral and factual.
Tone: The article adopts a neutral tone, primarily reporting facts and avoiding strong opinions.
Word Choice: Neutral language is used, except for a potential framing in the phrase ""conspiracy to launch an attack on the Lok Sabha."" This implies guilt without presenting evidence.
Information Omission: The article lacks details about the nature of Kumawat's alleged involvement, his motivations, and any potential links to larger groups or ideologies. This omission could potentially benefit the government's narrative.
Potential Biases:

Framing: The use of ""conspiracy"" without evidence could frame Kumawat as a dangerous threat before a fair trial.
Omission: Lack of information about Kumawat's background and motivations could benefit the government's narrative by keeping public focus solely on the security breach.
Neutralizing the Bias:

Seek additional information: Look for articles from diverse sources to gain a wider perspective on the case and Kumawat's background.
Critical thinking: Question the use of loaded language and the absence of crucial information.
Remember: Every news article is shaped by the organization's bias, the writer's perspective, and the chosen information. A detective's job is to read between the lines, uncover hidden agendas, and piece together the whole truth.

Sources:

Hindustan Times website: https://www.hindustantimes.com/
India Today website: https://www.indiatoday.in/
The Print website: https://theprint.in/",Leaning towards Neutral with Potential for Framing and Omission.,60
